,PageID,VisitID,PageName,CatName,CatID,ExtCatName,ExtCatID,TopicName,TopicID,TimeOnPage,PageScore,SequenceNumber,Referrer,Day,Hour,Length_seconds,Length_pagecount,Type
27,3065,1189,CATALOG,Info,4,Send catalog,7,In general,1000,"(27.39, 82.2]",88,7,URI_0,Monday,0.0,540.0,7.0,
49,3065,1200,CATALOG,Info,4,Send catalog,7,In general,1000,"(82.2, 134.4]",203,2,URI_16,Monday,6.0,60.0,2.0,Fulltext
67,3065,1207,CATALOG,Info,4,Send catalog,7,In general,1000,"(27.39, 82.2]",71,4,URI_93,Monday,7.0,120.0,4.0,Partners
111,3065,1226,CATALOG,Info,4,Send catalog,7,In general,1000,"(27.39, 82.2]",101,2,URI_0,Monday,9.0,60.0,2.0,
175,3118,1259,APPLICATION,Application,5,Application,9,In general,1000,"(27.39, 82.2]",30,1,URI_45,Monday,10.0,300.0,7.0,Fulltext
179,3065,1259,CATALOG,Info,4,Send catalog,7,In general,1000,"(27.39, 82.2]",71,4,URI_45,Monday,10.0,300.0,7.0,Fulltext
235,3065,1280,CATALOG,Info,4,Send catalog,7,In general,1000,"(27.39, 82.2]",92,8,URI_0,Monday,10.0,540.0,8.0,
377,3065,1328,CATALOG,Info,4,Send catalog,7,In general,1000,"(27.39, 82.2]",101,2,URI_0,Monday,12.0,420.0,6.0,
444,3065,1358,CATALOG,Info,4,Send catalog,7,In general,1000,"(27.39, 82.2]",62,3,URI_80,Monday,13.0,120.0,5.0,Fulltext
445,3065,1358,CATALOG,Info,4,Send catalog,7,In general,1000,"(27.39, 82.2]",78,5,URI_80,Monday,13.0,120.0,5.0,Fulltext
466,3065,1371,CATALOG,Info,4,Send catalog,7,In general,1000,"(134.4, 186.6]",429,4,URI_9,Monday,13.0,60.0,4.0,Catalogue
494,3065,1385,CATALOG,Info,4,Send catalog,7,In general,1000,"(82.2, 134.4]",251,3,URI_42,Monday,14.0,480.0,10.0,Fulltext
645,3065,1443,CATALOG,Info,4,Send catalog,7,In general,1000,"(27.39, 82.2]",125,3,URI_42,Monday,15.0,480.0,9.0,Fulltext
701,3065,1468,CATALOG,Info,4,Send catalog,7,In general,1000,"(82.2, 134.4]",335,6,URI_111,Monday,16.0,1380.0,16.0,
702,3065,1468,CATALOG,Info,4,Send catalog,7,In general,1000,"(82.2, 134.4]",452,16,URI_111,Monday,16.0,1380.0,16.0,
717,3065,1472,CATALOG,Info,4,Send catalog,7,In general,1000,"(291.0, 343.2]",507,2,URI_111,Monday,16.0,1080.0,10.0,
739,3065,1479,CATALOG,Info,4,Send catalog,7,In general,1000,"(82.2, 134.4]",353,7,URI_42,Monday,16.0,480.0,7.0,Fulltext
798,3065,1503,CATALOG,Info,4,Send catalog,7,In general,1000,"(27.39, 82.2]",83,6,URI_131,Monday,17.0,360.0,6.0,Partners
817,3065,1511,CATALOG,Info,4,Send catalog,7,In general,1000,"(82.2, 134.4]",251,3,URI_0,Monday,17.0,60.0,3.0,
1165,3326,1638,CATALOG,Info,4,Send catalog,7,In general,1000,"(82.2, 134.4]",120,1,URI_20,Tuesday,7.0,120.0,2.0,Fulltext
1181,3065,1642,CATALOG,Info,4,Send catalog,7,In general,1000,"(27.39, 82.2]",143,4,URI_106,Tuesday,8.0,840.0,6.0,Partners
1197,3065,1649,CATALOG,Info,4,Send catalog,7,In general,1000,"(27.39, 82.2]",167,6,URI_80,Tuesday,8.0,240.0,6.0,Fulltext
1210,3065,1657,CATALOG,Info,4,Send catalog,7,In general,1000,"(27.39, 82.2]",101,2,URI_91,Tuesday,8.0,60.0,2.0,Other
1282,3065,1692,CATALOG,Info,4,Send catalog,7,In general,1000,"(134.4, 186.6]",180,1,URI_111,Tuesday,10.0,1320.0,12.0,
1348,3065,1711,CATALOG,Info,4,Send catalog,7,In general,1000,"(82.2, 134.4]",203,2,URI_9,Tuesday,10.0,420.0,4.0,Catalogue
1444,3065,1751,CATALOG,Info,4,Send catalog,7,In general,1000,"(27.39, 82.2]",83,6,URI_9,Tuesday,11.0,540.0,10.0,Catalogue
1634,3065,1831,CATALOG,Info,4,Send catalog,7,In general,1000,"(27.39, 82.2]",50,2,URI_5,Tuesday,13.0,120.0,2.0,Catalogue
1869,3065,1947,CATALOG,Info,4,Send catalog,7,In general,1000,"(27.39, 82.2]",236,19,URI_9,Tuesday,16.0,900.0,19.0,Catalogue
1881,3065,1952,CATALOG,Info,4,Send catalog,7,In general,1000,"(27.39, 82.2]",50,2,URI_0,Tuesday,16.0,120.0,5.0,
1882,3065,1952,CATALOG,Info,4,Send catalog,7,In general,1000,"(27.39, 82.2]",78,5,URI_0,Tuesday,16.0,120.0,5.0,
2020,3065,2011,CATALOG,Info,4,Send catalog,7,In general,1000,"(27.39, 82.2]",62,3,URI_0,Tuesday,18.0,120.0,5.0,
2098,3065,2045,CATALOG,Info,4,Send catalog,7,In general,1000,"(82.2, 134.4]",203,2,URI_42,Tuesday,19.0,60.0,2.0,Fulltext
2223,3459,2103,APPLICATION,Application,5,Application,9,In general,1000,"(27.39, 82.2]",60,1,URI_111,Tuesday,22.0,180.0,3.0,
2224,3460,2103,APPLICATION,Application,5,Application,9,In general,1000,"(27.39, 82.2]",62,3,URI_111,Tuesday,22.0,180.0,3.0,
2374,3065,2149,CATALOG,Info,4,Send catalog,7,In general,1000,"(134.4, 186.6]",377,3,URI_0,Wednesday,8.0,240.0,4.0,
2506,3065,2221,CATALOG,Info,4,Send catalog,7,In general,1000,"(27.39, 82.2]",101,2,URI_9,Wednesday,10.0,120.0,3.0,Catalogue
2838,3065,2368,CATALOG,Info,4,Send catalog,7,In general,1000,"(27.39, 82.2]",101,2,URI_0,Wednesday,14.0,60.0,2.0,
2857,3065,2377,CATALOG,Info,4,Send catalog,7,In general,1000,"(27.39, 82.2]",71,4,URI_9,Wednesday,14.0,240.0,4.0,Catalogue
2937,3065,2413,CATALOG,Info,4,Send catalog,7,In general,1000,"(82.2, 134.4]",286,4,URI_41,Wednesday,15.0,240.0,4.0,Fulltext
2994,3065,2435,CATALOG,Info,4,Send catalog,7,In general,1000,"(27.39, 82.2]",78,5,URI_111,Wednesday,15.0,600.0,12.0,
3087,3065,2465,CATALOG,Info,4,Send catalog,7,In general,1000,"(865.2, 917.4]",2651,7,URI_45,Wednesday,16.0,1800.0,21.0,Fulltext
3088,3065,2465,CATALOG,Info,4,Send catalog,7,In general,1000,"(27.39, 82.2]",191,9,URI_45,Wednesday,16.0,1800.0,21.0,Fulltext
3324,3065,2557,CATALOG,Info,4,Send catalog,7,In general,1000,"(134.4, 186.6]",304,2,URI_0,Wednesday,20.0,1500.0,5.0,
3390,3065,2579,CATALOG,Info,4,Send catalog,7,In general,1000,"(134.4, 186.6]",304,2,URI_0,Wednesday,21.0,180.0,3.0,
3417,3065,2589,CATALOG,Info,4,Send catalog,7,In general,1000,"(134.4, 186.6]",469,5,URI_111,Wednesday,21.0,480.0,5.0,
3423,3065,2592,CATALOG,Info,4,Send catalog,7,In general,1000,"(291.0, 343.2]",507,2,URI_111,Wednesday,21.0,60.0,2.0,
3613,3065,2667,CATALOG,Info,4,Send catalog,7,In general,1000,"(27.39, 82.2]",143,4,URI_42,Thursday,8.0,420.0,7.0,Fulltext
3614,3065,2667,CATALOG,Info,4,Send catalog,7,In general,1000,"(27.39, 82.2]",176,7,URI_42,Thursday,8.0,420.0,7.0,Fulltext
3686,3065,2700,CATALOG,Info,4,Send catalog,7,In general,1000,"(134.4, 186.6]",304,2,URI_0,Thursday,9.0,180.0,3.0,
3838,3065,2755,CATALOG,Info,4,Send catalog,7,In general,1000,"(27.39, 82.2]",83,6,URI_0,Thursday,10.0,600.0,6.0,
4028,3065,2844,CATALOG,Info,4,Send catalog,7,In general,1000,"(27.39, 82.2]",101,2,URI_42,Thursday,13.0,60.0,2.0,Fulltext
4072,3065,2861,CATALOG,Info,4,Send catalog,7,In general,1000,"(27.39, 82.2]",143,4,URI_44,Thursday,13.0,540.0,4.0,Fulltext
4105,3065,2873,CATALOG,Info,4,Send catalog,7,In general,1000,"(27.39, 82.2]",143,4,URI_0,Thursday,13.0,300.0,6.0,
4178,3065,2895,CATALOG,Info,4,Send catalog,7,In general,1000,"(27.39, 82.2]",78,5,URI_0,Thursday,14.0,360.0,5.0,
4220,3065,2912,CATALOG,Info,4,Send catalog,7,In general,1000,"(27.39, 82.2]",50,2,URI_9,Thursday,14.0,60.0,2.0,Catalogue
4228,3678,2914,APPLICATION,Application,5,Application,9,In general,1000,"(238.8, 291.0]",503,3,URI_0,Thursday,15.0,1020.0,6.0,
4288,3065,2921,CATALOG,Info,4,Send catalog,7,In general,1000,"(82.2, 134.4]",584,48,URI_9,Thursday,15.0,3540.0,50.0,Catalogue
4330,3689,2942,CATALOG,Info,4,Send catalog,7,In general,1000,"(27.39, 82.2]",60,1,URI_51,Thursday,15.0,240.0,5.0,Other
4372,3065,2956,CATALOG,Info,4,Send catalog,7,In general,1000,"(27.39, 82.2]",101,2,URI_42,Thursday,15.0,240.0,6.0,Fulltext
4433,3065,2994,CATALOG,Info,4,Send catalog,7,In general,1000,"(27.39, 82.2]",50,2,URI_111,Thursday,17.0,240.0,3.0,
4527,3065,3040,CATALOG,Info,4,Send catalog,7,In general,1000,"(969.6, 1021.8]",1020,1,URI_110,Thursday,20.0,1800.0,11.0,
4736,3065,3130,CATALOG,Info,4,Send catalog,7,In general,1000,"(27.39, 82.2]",113,16,URI_0,Friday,8.0,2580.0,16.0,
4740,3742,3131,APPLICATION,Application,5,Application,9,In general,1000,"(27.39, 82.2]",71,4,URI_132,Friday,8.0,240.0,4.0,OwnWebs
4765,3065,3140,CATALOG,Info,4,Send catalog,7,In general,1000,"(82.2, 134.4]",313,5,URI_45,Friday,8.0,840.0,6.0,Fulltext
4799,3065,3157,CATALOG,Info,4,Send catalog,7,In general,1000,"(27.39, 82.2]",184,8,URI_132,Friday,8.0,300.0,9.0,OwnWebs
4853,3065,3177,CATALOG,Info,4,Send catalog,7,In general,1000,"(27.39, 82.2]",167,6,URI_0,Friday,9.0,300.0,6.0,
4912,3065,3208,CATALOG,Info,4,Send catalog,7,In general,1000,"(27.39, 82.2]",62,3,URI_45,Friday,10.0,180.0,3.0,Fulltext
5041,3065,3260,CATALOG,Info,4,Send catalog,7,In general,1000,"(27.39, 82.2]",62,3,URI_111,Friday,11.0,60.0,3.0,
5112,3065,3301,CATALOG,Info,4,Send catalog,7,In general,1000,"(27.39, 82.2]",101,2,URI_42,Friday,12.0,60.0,3.0,Fulltext
5128,3065,3306,CATALOG,Info,4,Send catalog,7,In general,1000,"(447.6, 499.8]",812,2,URI_0,Friday,12.0,540.0,3.0,
5263,3065,3322,CATALOG,Info,4,Send catalog,7,In general,1000,"(27.39, 82.2]",92,8,URI_0,Friday,13.0,60.0,8.0,
5812,3065,3578,CATALOG,Info,4,Send catalog,7,In general,1000,"(27.39, 82.2]",101,2,URI_93,Saturday,0.0,780.0,2.0,Partners
5825,3065,3585,CATALOG,Info,4,Send catalog,7,In general,1000,"(27.39, 82.2]",71,4,URI_9,Saturday,1.0,120.0,4.0,Catalogue
6017,3065,3699,CATALOG,Info,4,Send catalog,7,In general,1000,"(82.2, 134.4]",251,3,URI_0,Saturday,17.0,480.0,6.0,
6139,3065,3751,CATALOG,Info,4,Send catalog,7,In general,1000,"(134.4, 186.6]",502,6,URI_111,Saturday,20.0,840.0,11.0,
6422,3065,3857,CATALOG,Info,4,Send catalog,7,In general,1000,"(82.2, 134.4]",335,6,URI_117,Sunday,11.0,600.0,9.0,OwnWebs
6489,3065,3883,CATALOG,Info,4,Send catalog,7,In general,1000,"(134.4, 186.6]",180,1,URI_111,Sunday,13.0,240.0,3.0,
6510,3065,3891,CATALOG,Info,4,Send catalog,7,In general,1000,"(82.2, 134.4]",407,11,URI_111,Sunday,14.0,960.0,11.0,
6527,3065,3900,CATALOG,Info,4,Send catalog,7,In general,1000,"(27.39, 82.2]",101,2,URI_92,Sunday,14.0,60.0,2.0,Other
6571,3065,3914,CATALOG,Info,4,Send catalog,7,In general,1000,"(27.39, 82.2]",78,5,URI_42,Sunday,15.0,300.0,6.0,Fulltext
6587,3065,3924,CATALOG,Info,4,Send catalog,7,In general,1000,"(27.39, 82.2]",60,1,URI_111,Sunday,15.0,60.0,2.0,
6696,3065,3983,CATALOG,Info,4,Send catalog,7,In general,1000,"(27.39, 82.2]",62,3,URI_0,Sunday,18.0,120.0,4.0,
6732,3065,3998,CATALOG,Info,4,Send catalog,7,In general,1000,"(238.8, 291.0]",406,2,URI_42,Sunday,18.0,420.0,6.0,Fulltext
6794,3065,4023,CATALOG,Info,4,Send catalog,7,In general,1000,"(27.39, 82.2]",60,1,URI_111,Sunday,20.0,960.0,8.0,
6837,3065,4049,CATALOG,Info,4,Send catalog,7,In general,1000,"(27.39, 82.2]",101,2,URI_93,Sunday,21.0,600.0,8.0,Partners
6865,3065,4056,CATALOG,Info,4,Send catalog,7,In general,1000,"(27.39, 82.2]",60,1,URI_111,Sunday,21.0,60.0,2.0,
6868,3065,4057,CATALOG,Info,4,Send catalog,7,In general,1000,"(27.39, 82.2]",101,2,URI_42,Sunday,21.0,180.0,3.0,Fulltext
6909,3065,4068,CATALOG,Info,4,Send catalog,7,In general,1000,"(27.39, 82.2]",156,5,URI_38,Sunday,22.0,1860.0,17.0,Fulltext
6910,3065,4068,CATALOG,Info,4,Send catalog,7,In general,1000,"(27.39, 82.2]",229,17,URI_38,Sunday,22.0,1860.0,17.0,Fulltext
6916,3065,4070,CATALOG,Info,4,Send catalog,7,In general,1000,"(27.39, 82.2]",156,5,URI_64,Sunday,22.0,120.0,5.0,Partners
6951,3065,4084,CATALOG,Info,4,Send catalog,7,In general,1000,"(82.2, 134.4]",203,2,URI_9,Sunday,23.0,60.0,2.0,Catalogue
6975,3065,4088,CATALOG,Info,4,Send catalog,7,In general,1000,"(27.39, 82.2]",229,17,URI_111,Sunday,23.0,2040.0,21.0,
6994,3065,4094,CATALOG,Info,4,Send catalog,7,In general,1000,"(27.39, 82.2]",167,6,URI_0,Sunday,23.0,660.0,9.0,
7103,3065,4132,CATALOG,Info,4,Send catalog,7,In general,1000,"(27.39, 82.2]",167,6,URI_42,Monday,8.0,300.0,9.0,Fulltext
7144,3065,4157,CATALOG,Info,4,Send catalog,7,In general,1000,"(82.2, 134.4]",286,4,URI_0,Monday,10.0,960.0,7.0,
7248,3065,4191,CATALOG,Info,4,Send catalog,7,In general,1000,"(82.2, 134.4]",418,12,URI_42,Monday,11.0,1440.0,26.0,Fulltext
7283,3065,4209,CATALOG,Info,4,Send catalog,7,In general,1000,"(82.2, 134.4]",203,2,URI_42,Monday,11.0,60.0,2.0,Fulltext
7307,3065,4223,CATALOG,Info,4,Send catalog,7,In general,1000,"(343.2, 395.4]",755,3,URI_0,Monday,11.0,600.0,5.0,
7415,3065,4261,CATALOG,Info,4,Send catalog,7,In general,1000,"(27.39, 82.2]",78,5,URI_111,Monday,12.0,360.0,5.0,
7434,3065,4270,CATALOG,Info,4,Send catalog,7,In general,1000,"(27.39, 82.2]",60,1,URI_111,Monday,12.0,60.0,2.0,
7436,3065,4271,CATALOG,Info,4,Send catalog,7,In general,1000,"(27.39, 82.2]",60,1,URI_111,Monday,12.0,60.0,2.0,
7819,3065,4428,CATALOG,Info,4,Send catalog,7,In general,1000,"(82.2, 134.4]",251,3,URI_9,Monday,17.0,60.0,3.0,Catalogue
7966,3065,4488,CATALOG,Info,4,Send catalog,7,In general,1000,"(27.39, 82.2]",95,9,URI_111,Monday,19.0,960.0,9.0,
8053,3065,4531,CATALOG,Info,4,Send catalog,7,In general,1000,"(27.39, 82.2]",143,4,URI_42,Monday,22.0,1740.0,9.0,Fulltext
8179,3065,4604,CATALOG,Info,4,Send catalog,7,In general,1000,"(27.39, 82.2]",71,4,URI_42,Tuesday,8.0,660.0,4.0,Fulltext
8275,3065,4657,CATALOG,Info,4,Send catalog,7,In general,1000,"(27.39, 82.2]",176,7,URI_126,Tuesday,10.0,480.0,8.0,Partners
8334,3065,4684,CATALOG,Info,4,Send catalog,7,In general,1000,"(27.39, 82.2]",101,2,URI_39,Tuesday,11.0,660.0,8.0,Fulltext
8356,3065,4695,CATALOG,Info,4,Send catalog,7,In general,1000,"(27.39, 82.2]",50,2,URI_42,Tuesday,11.0,60.0,2.0,Fulltext
8364,3065,4700,CATALOG,Info,4,Send catalog,7,In general,1000,"(82.2, 134.4]",120,1,URI_111,Tuesday,11.0,180.0,3.0,
8592,3065,4808,CATALOG,Info,4,Send catalog,7,In general,1000,"(27.39, 82.2]",101,2,URI_0,Tuesday,14.0,1140.0,10.0,
8603,3065,4811,CATALOG,Info,4,Send catalog,7,In general,1000,"(134.4, 186.6]",377,3,URI_9,Tuesday,14.0,180.0,3.0,Catalogue
8722,3065,4855,CATALOG,Info,4,Send catalog,7,In general,1000,"(238.8, 291.0]",572,4,URI_9,Tuesday,15.0,120.0,4.0,Catalogue
8779,3065,4877,CATALOG,Info,4,Send catalog,7,In general,1000,"(27.39, 82.2]",50,2,URI_0,Tuesday,15.0,120.0,2.0,
8867,3065,4922,CATALOG,Info,4,Send catalog,7,In general,1000,"(27.39, 82.2]",143,4,URI_43,Tuesday,17.0,60.0,4.0,Fulltext
9122,3065,5046,CATALOG,Info,4,Send catalog,7,In general,1000,"(27.39, 82.2]",191,9,URI_39,Wednesday,7.0,240.0,9.0,Fulltext
9314,3065,5149,CATALOG,Info,4,Send catalog,7,In general,1000,"(82.2, 134.4]",203,2,URI_42,Wednesday,11.0,120.0,2.0,Fulltext
9319,3065,5150,CATALOG,Info,4,Send catalog,7,In general,1000,"(291.0, 343.2]",715,4,URI_0,Wednesday,11.0,600.0,5.0,
9354,3065,5168,CATALOG,Info,4,Send catalog,7,In general,1000,"(82.2, 134.4]",203,2,URI_42,Wednesday,11.0,60.0,2.0,Fulltext
9551,3065,5241,CATALOG,Info,4,Send catalog,7,In general,1000,"(27.39, 82.2]",99,10,URI_0,Wednesday,15.0,3060.0,10.0,
9632,3065,5269,CATALOG,Info,4,Send catalog,7,In general,1000,"(238.8, 291.0]",503,3,URI_39,Wednesday,15.0,420.0,5.0,Fulltext
9790,3065,5340,CATALOG,Info,4,Send catalog,7,In general,1000,"(134.4, 186.6]",304,2,URI_0,Wednesday,17.0,180.0,3.0,
9940,3065,5412,CATALOG,Info,4,Send catalog,7,In general,1000,"(27.39, 82.2]",101,2,URI_93,Wednesday,22.0,60.0,2.0,Partners
10012,3065,5446,CATALOG,Info,4,Send catalog,7,In general,1000,"(82.2, 134.4]",203,2,URI_9,Thursday,7.0,120.0,4.0,Catalogue
10024,3065,5450,CATALOG,Info,4,Send catalog,7,In general,1000,"(27.39, 82.2]",101,2,URI_42,Thursday,7.0,120.0,4.0,Fulltext
10104,3065,5477,CATALOG,Info,4,Send catalog,7,In general,1000,"(27.39, 82.2]",50,2,URI_42,Thursday,9.0,60.0,2.0,Fulltext
10217,3065,5519,CATALOG,Info,4,Send catalog,7,In general,1000,"(27.39, 82.2]",50,2,URI_0,Thursday,11.0,180.0,7.0,
10267,3065,5532,CATALOG,Info,4,Send catalog,7,In general,1000,"(27.39, 82.2]",71,4,URI_42,Thursday,11.0,240.0,6.0,Fulltext
10338,3065,5572,CATALOG,Info,4,Send catalog,7,In general,1000,"(27.39, 82.2]",62,3,URI_78,Thursday,12.0,60.0,3.0,Partners
10456,3065,5635,CATALOG,Info,4,Send catalog,7,In general,1000,"(82.2, 134.4]",251,3,URI_0,Thursday,14.0,120.0,4.0,
10554,3065,5674,CATALOG,Info,4,Send catalog,7,In general,1000,"(134.4, 186.6]",627,12,URI_111,Thursday,16.0,840.0,12.0,
10611,3065,5705,CATALOG,Info,4,Send catalog,7,In general,1000,"(656.4, 708.6]",1117,2,URI_42,Thursday,17.0,840.0,3.0,Fulltext
10622,3065,5712,CATALOG,Info,4,Send catalog,7,In general,1000,"(27.39, 82.2]",101,2,URI_80,Thursday,17.0,60.0,6.0,Fulltext
10754,3065,5801,CATALOG,Info,4,Send catalog,7,In general,1000,"(343.2, 395.4]",755,3,URI_131,Friday,6.0,420.0,4.0,Partners
10761,3065,5803,CATALOG,Info,4,Send catalog,7,In general,1000,"(27.39, 82.2]",143,4,URI_0,Friday,7.0,1380.0,6.0,
10919,3065,5862,CATALOG,Info,4,Send catalog,7,In general,1000,"(291.0, 343.2]",837,6,URI_80,Friday,10.0,900.0,12.0,Fulltext
11002,3065,5906,CATALOG,Info,4,Send catalog,7,In general,1000,"(343.2, 395.4]",609,2,URI_0,Friday,11.0,360.0,5.0,
11112,3065,5959,CATALOG,Info,4,Send catalog,7,In general,1000,"(27.39, 82.2]",156,5,URI_42,Friday,13.0,420.0,8.0,Fulltext
11295,3065,6026,CATALOG,Info,4,Send catalog,7,In general,1000,"(134.4, 186.6]",304,2,URI_0,Friday,16.0,780.0,13.0,
11318,3065,6035,CATALOG,Info,4,Send catalog,7,In general,1000,"(27.39, 82.2]",88,7,URI_0,Friday,17.0,1440.0,11.0,
11453,3065,6111,CATALOG,Info,4,Send catalog,7,In general,1000,"(134.4, 186.6]",180,1,URI_113,Friday,22.0,240.0,3.0,
11795,3065,6281,CATALOG,Info,4,Send catalog,7,In general,1000,"(27.39, 82.2]",101,2,URI_0,Sunday,3.0,120.0,5.0,
11870,3065,6324,CATALOG,Info,4,Send catalog,7,In general,1000,"(27.39, 82.2]",143,4,URI_42,Sunday,11.0,240.0,6.0,Fulltext
11889,3065,6330,CATALOG,Info,4,Send catalog,7,In general,1000,"(27.39, 82.2]",50,2,URI_45,Sunday,12.0,60.0,2.0,Fulltext
11909,3065,6341,CATALOG,Info,4,Send catalog,7,In general,1000,"(27.39, 82.2]",71,4,URI_93,Sunday,13.0,360.0,4.0,Partners
12004,3065,6377,CATALOG,Info,4,Send catalog,7,In general,1000,"(134.4, 186.6]",530,7,URI_0,Sunday,15.0,960.0,7.0,
12177,3065,6443,CATALOG,Info,4,Send catalog,7,In general,1000,"(291.0, 343.2]",507,2,URI_0,Sunday,19.0,420.0,5.0,
12525,3065,6581,CATALOG,Info,4,Send catalog,7,In general,1000,"(238.8, 291.0]",855,13,URI_9,Monday,9.0,1860.0,13.0,Catalogue
12605,3065,6611,CATALOG,Info,4,Send catalog,7,In general,1000,"(134.4, 186.6]",304,2,URI_9,Monday,10.0,420.0,4.0,Catalogue
12609,4250,6612,APPLICATION,Application,5,Application,9,In general,1000,"(27.39, 82.2]",78,5,URI_42,Monday,10.0,540.0,5.0,Fulltext
12621,3065,6617,CATALOG,Info,4,Send catalog,7,In general,1000,"(27.39, 82.2]",101,2,URI_0,Monday,10.0,60.0,2.0,
12665,3065,6641,CATALOG,Info,4,Send catalog,7,In general,1000,"(291.0, 343.2]",629,3,URI_34,Monday,10.0,300.0,3.0,
12718,3065,6664,CATALOG,Info,4,Send catalog,7,In general,1000,"(27.39, 82.2]",50,2,URI_80,Monday,11.0,60.0,2.0,Fulltext
12722,3065,6665,CATALOG,Info,4,Send catalog,7,In general,1000,"(27.39, 82.2]",62,3,URI_0,Monday,11.0,180.0,5.0,
12723,3065,6665,CATALOG,Info,4,Send catalog,7,In general,1000,"(27.39, 82.2]",78,5,URI_0,Monday,11.0,180.0,5.0,
12749,3065,6675,CATALOG,Info,4,Send catalog,7,In general,1000,"(27.39, 82.2]",125,3,URI_0,Monday,11.0,120.0,3.0,
12820,3065,6707,CATALOG,Info,4,Send catalog,7,In general,1000,"(27.39, 82.2]",71,4,URI_0,Monday,12.0,1440.0,5.0,
12841,3065,6717,CATALOG,Info,4,Send catalog,7,In general,1000,"(27.39, 82.2]",60,1,URI_111,Monday,12.0,60.0,2.0,
12883,3065,6730,CATALOG,Info,4,Send catalog,7,In general,1000,"(27.39, 82.2]",30,1,URI_41,Monday,12.0,60.0,4.0,Fulltext
13007,3065,6772,CATALOG,Info,4,Send catalog,7,In general,1000,"(27.39, 82.2]",71,4,URI_39,Monday,13.0,60.0,4.0,Fulltext
13102,3065,6820,CATALOG,Info,4,Send catalog,7,In general,1000,"(82.2, 134.4]",203,2,URI_0,Monday,14.0,240.0,3.0,
13192,3065,6857,CATALOG,Info,4,Send catalog,7,In general,1000,"(82.2, 134.4]",444,15,URI_111,Monday,16.0,1380.0,22.0,
13367,3065,6946,CATALOG,Info,4,Send catalog,7,In general,1000,"(82.2, 134.4]",286,4,URI_9,Monday,21.0,240.0,4.0,Catalogue
13439,3065,6988,CATALOG,Info,4,Send catalog,7,In general,1000,"(27.39, 82.2]",62,3,URI_80,Tuesday,0.0,60.0,5.0,Fulltext
13465,3065,6998,CATALOG,Info,4,Send catalog,7,In general,1000,"(82.2, 134.4]",251,3,URI_45,Tuesday,6.0,300.0,3.0,Fulltext
13531,3065,7025,CATALOG,Info,4,Send catalog,7,In general,1000,"(27.39, 82.2]",71,4,URI_64,Tuesday,8.0,60.0,4.0,Partners
13557,3065,7033,CATALOG,Info,4,Send catalog,7,In general,1000,"(27.39, 82.2]",143,4,URI_42,Tuesday,8.0,900.0,11.0,Fulltext
13951,3065,7242,CATALOG,Info,4,Send catalog,7,In general,1000,"(27.39, 82.2]",184,8,URI_45,Tuesday,15.0,540.0,8.0,Fulltext
14044,3065,7282,CATALOG,Info,4,Send catalog,7,In general,1000,"(27.39, 82.2]",92,8,URI_9,Tuesday,16.0,360.0,8.0,Catalogue
14207,3065,7357,CATALOG,Info,4,Send catalog,7,In general,1000,"(82.2, 134.4]",120,1,URI_34,Tuesday,19.0,120.0,2.0,
14301,3065,7414,CATALOG,Info,4,Send catalog,7,In general,1000,"(82.2, 134.4]",313,5,URI_39,Wednesday,0.0,780.0,5.0,Fulltext
14357,3065,7435,CATALOG,Info,4,Send catalog,7,In general,1000,"(27.39, 82.2]",71,4,URI_95,Wednesday,7.0,60.0,5.0,Partners
14523,3065,7511,CATALOG,Info,4,Send catalog,7,In general,1000,"(27.39, 82.2]",101,2,URI_0,Wednesday,10.0,600.0,8.0,
14643,3065,7551,CATALOG,Info,4,Send catalog,7,In general,1000,"(134.4, 186.6]",469,5,URI_9,Wednesday,12.0,600.0,11.0,Catalogue
14756,3065,7601,CATALOG,Info,4,Send catalog,7,In general,1000,"(82.2, 134.4]",203,2,URI_0,Wednesday,14.0,60.0,2.0,
14835,3065,7633,CATALOG,Info,4,Send catalog,7,In general,1000,"(27.39, 82.2]",143,4,URI_64,Wednesday,15.0,420.0,16.0,Partners
14878,3065,7655,CATALOG,Info,4,Send catalog,7,In general,1000,"(27.39, 82.2]",60,1,URI_111,Wednesday,15.0,420.0,6.0,
15149,3065,7768,CATALOG,Info,4,Send catalog,7,In general,1000,"(82.2, 134.4]",203,2,URI_0,Wednesday,22.0,240.0,6.0,
15302,3065,7834,CATALOG,Info,4,Send catalog,7,In general,1000,"(82.2, 134.4]",120,1,URI_111,Thursday,10.0,420.0,5.0,
15338,3065,7846,CATALOG,Info,4,Send catalog,7,In general,1000,"(27.39, 82.2]",125,3,URI_42,Thursday,10.0,60.0,3.0,Fulltext
15354,3065,7851,CATALOG,Info,4,Send catalog,7,In general,1000,"(27.39, 82.2]",50,2,URI_0,Thursday,11.0,1500.0,12.0,
15367,3065,7858,CATALOG,Info,4,Send catalog,7,In general,1000,"(27.39, 82.2]",71,4,URI_111,Thursday,11.0,300.0,4.0,
15600,3065,7965,CATALOG,Info,4,Send catalog,7,In general,1000,"(27.39, 82.2]",71,4,URI_111,Thursday,17.0,780.0,6.0,
15619,3065,7972,CATALOG,Info,4,Send catalog,7,In general,1000,"(27.39, 82.2]",101,2,URI_111,Thursday,18.0,60.0,2.0,
15633,3065,7981,CATALOG,Info,4,Send catalog,7,In general,1000,"(27.39, 82.2]",60,1,URI_111,Thursday,19.0,120.0,4.0,
15747,3065,8023,CATALOG,Info,4,Send catalog,7,In general,1000,"(134.4, 186.6]",429,4,URI_45,Friday,0.0,300.0,5.0,Fulltext
15824,3065,8073,CATALOG,Info,4,Send catalog,7,In general,1000,"(27.39, 82.2]",191,9,URI_0,Friday,14.0,960.0,9.0,
15858,3065,8085,CATALOG,Info,4,Send catalog,7,In general,1000,"(27.39, 82.2]",71,4,URI_0,Friday,15.0,120.0,4.0,
15959,3065,8130,CATALOG,Info,4,Send catalog,7,In general,1000,"(27.39, 82.2]",125,3,URI_9,Friday,22.0,360.0,10.0,Catalogue
16103,3065,8201,CATALOG,Info,4,Send catalog,7,In general,1000,"(27.39, 82.2]",50,2,URI_111,Saturday,14.0,360.0,2.0,
16137,3065,8214,CATALOG,Info,4,Send catalog,7,In general,1000,"(291.0, 343.2]",507,2,URI_100,Saturday,14.0,660.0,7.0,OwnWebs
16299,3065,8267,CATALOG,Info,4,Send catalog,7,In general,1000,"(27.39, 82.2]",95,9,URI_0,Saturday,19.0,480.0,11.0,
16430,3065,8330,CATALOG,Info,4,Send catalog,7,In general,1000,"(27.39, 82.2]",71,4,URI_39,Sunday,1.0,240.0,4.0,Fulltext
16484,3065,8356,CATALOG,Info,4,Send catalog,7,In general,1000,"(27.39, 82.2]",50,2,URI_111,Sunday,10.0,180.0,2.0,
16490,3065,8359,CATALOG,Info,4,Send catalog,7,In general,1000,"(27.39, 82.2]",143,4,URI_100,Sunday,10.0,120.0,4.0,OwnWebs
16537,3065,8376,CATALOG,Info,4,Send catalog,7,In general,1000,"(27.39, 82.2]",101,2,URI_93,Sunday,11.0,360.0,7.0,Partners
16556,3065,8385,CATALOG,Info,4,Send catalog,7,In general,1000,"(27.39, 82.2]",191,9,URI_111,Sunday,12.0,960.0,13.0,
16572,3065,8392,CATALOG,Info,4,Send catalog,7,In general,1000,"(27.39, 82.2]",88,7,URI_45,Sunday,12.0,600.0,7.0,Fulltext
16607,3065,8409,CATALOG,Info,4,Send catalog,7,In general,1000,"(27.39, 82.2]",101,2,URI_9,Sunday,13.0,120.0,2.0,Catalogue
16631,3065,8413,CATALOG,Info,4,Send catalog,7,In general,1000,"(27.39, 82.2]",95,9,URI_0,Sunday,14.0,1080.0,15.0,
16637,3065,8418,CATALOG,Info,4,Send catalog,7,In general,1000,"(27.39, 82.2]",101,2,URI_0,Sunday,14.0,120.0,2.0,
16739,3065,8464,CATALOG,Info,4,Send catalog,7,In general,1000,"(27.39, 82.2]",62,3,URI_111,Sunday,16.0,120.0,3.0,
16759,3065,8474,CATALOG,Info,4,Send catalog,7,In general,1000,"(82.2, 134.4]",251,3,URI_111,Sunday,17.0,600.0,3.0,
16811,4452,8505,APPLICATION,Application,5,Application,9,In general,1000,"(82.2, 134.4]",120,1,URI_45,Sunday,18.0,120.0,2.0,Fulltext
16886,3065,8536,CATALOG,Info,4,Send catalog,7,In general,1000,"(82.2, 134.4]",313,5,URI_0,Sunday,20.0,1140.0,5.0,
17145,3065,8630,CATALOG,Info,4,Send catalog,7,In general,1000,"(134.4, 186.6]",469,5,URI_0,Monday,8.0,420.0,5.0,
17250,3065,8669,CATALOG,Info,4,Send catalog,7,In general,1000,"(82.2, 134.4]",203,2,URI_0,Monday,10.0,180.0,2.0,
17308,3065,8683,CATALOG,Info,4,Send catalog,7,In general,1000,"(27.39, 82.2]",83,6,URI_0,Monday,11.0,3180.0,37.0,
17370,3065,8710,CATALOG,Info,4,Send catalog,7,In general,1000,"(27.39, 82.2]",101,2,URI_97,Monday,11.0,60.0,2.0,Other
17381,3065,8716,CATALOG,Info,4,Send catalog,7,In general,1000,"(27.39, 82.2]",71,4,URI_42,Monday,11.0,60.0,5.0,Fulltext
17406,3065,8726,CATALOG,Info,4,Send catalog,7,In general,1000,"(27.39, 82.2]",101,2,URI_42,Monday,11.0,60.0,2.0,Fulltext
17505,3065,8760,CATALOG,Info,4,Send catalog,7,In general,1000,"(1230.6, 1282.8]",3711,7,URI_45,Monday,13.0,3660.0,13.0,Fulltext
17605,3065,8795,CATALOG,Info,4,Send catalog,7,In general,1000,"(27.39, 82.2]",143,4,URI_45,Monday,12.0,360.0,4.0,Fulltext
17643,3065,8806,CATALOG,Info,4,Send catalog,7,In general,1000,"(656.4, 708.6]",1117,2,URI_0,Monday,13.0,900.0,5.0,
17644,3065,8806,CATALOG,Info,4,Send catalog,7,In general,1000,"(27.39, 82.2]",71,4,URI_0,Monday,13.0,900.0,5.0,
17683,3065,8821,CATALOG,Info,4,Send catalog,7,In general,1000,"(27.39, 82.2]",125,3,URI_9,Monday,13.0,240.0,6.0,Catalogue
17732,3065,8842,CATALOG,Info,4,Send catalog,7,In general,1000,"(27.39, 82.2]",143,4,URI_80,Monday,13.0,120.0,8.0,Fulltext
17784,3065,8870,CATALOG,Info,4,Send catalog,7,In general,1000,"(27.39, 82.2]",88,7,URI_111,Monday,14.0,180.0,7.0,
17787,3065,8872,CATALOG,Info,4,Send catalog,7,In general,1000,"(82.2, 134.4]",203,2,URI_9,Monday,14.0,60.0,2.0,Catalogue
17825,3065,8880,CATALOG,Info,4,Send catalog,7,In general,1000,"(27.39, 82.2]",83,6,URI_73,Monday,14.0,960.0,6.0,OwnWebs
17829,3065,8881,CATALOG,Info,4,Send catalog,7,In general,1000,"(27.39, 82.2]",143,4,URI_39,Monday,14.0,540.0,4.0,Fulltext
17889,3065,8898,CATALOG,Info,4,Send catalog,7,In general,1000,"(27.39, 82.2]",88,7,URI_70,Monday,14.0,540.0,7.0,Other
17937,3065,8914,CATALOG,Info,4,Send catalog,7,In general,1000,"(27.39, 82.2]",50,2,URI_138,Monday,15.0,60.0,2.0,Fulltext
18064,3065,8950,CATALOG,Info,4,Send catalog,7,In general,1000,"(134.4, 186.6]",304,2,URI_0,Monday,15.0,480.0,8.0,
18187,3065,9005,CATALOG,Info,4,Send catalog,7,In general,1000,"(27.39, 82.2]",78,5,URI_116,Monday,17.0,240.0,5.0,Other
18286,3065,9062,CATALOG,Info,4,Send catalog,7,In general,1000,"(27.39, 82.2]",125,3,URI_42,Monday,21.0,240.0,4.0,Fulltext
18295,3065,9067,CATALOG,Info,4,Send catalog,7,In general,1000,"(27.39, 82.2]",101,2,URI_93,Monday,21.0,120.0,2.0,Partners
18428,3065,9131,CATALOG,Info,4,Send catalog,7,In general,1000,"(27.39, 82.2]",71,4,URI_39,Tuesday,0.0,420.0,4.0,Fulltext
18456,3065,9146,CATALOG,Info,4,Send catalog,7,In general,1000,"(27.39, 82.2]",83,6,URI_9,Tuesday,4.0,720.0,8.0,Catalogue
18522,3065,9172,CATALOG,Info,4,Send catalog,7,In general,1000,"(82.2, 134.4]",203,2,URI_0,Tuesday,7.0,480.0,7.0,
18525,3065,9174,CATALOG,Info,4,Send catalog,7,In general,1000,"(27.39, 82.2]",60,1,URI_111,Tuesday,7.0,60.0,2.0,
18529,3065,9176,CATALOG,Info,4,Send catalog,7,In general,1000,"(82.2, 134.4]",203,2,URI_0,Tuesday,7.0,120.0,3.0,
18539,3065,9177,CATALOG,Info,4,Send catalog,7,In general,1000,"(27.39, 82.2]",95,9,URI_0,Tuesday,8.0,1740.0,10.0,
18856,3065,9275,CATALOG,Info,4,Send catalog,7,In general,1000,"(27.39, 82.2]",156,5,URI_9,Tuesday,10.0,600.0,6.0,Catalogue
18910,3065,9297,CATALOG,Info,4,Send catalog,7,In general,1000,"(27.39, 82.2]",143,4,URI_0,Tuesday,10.0,180.0,4.0,
18925,3065,9301,CATALOG,Info,4,Send catalog,7,In general,1000,"(27.39, 82.2]",62,3,URI_111,Tuesday,11.0,360.0,3.0,
18943,3065,9306,CATALOG,Info,4,Send catalog,7,In general,1000,"(27.39, 82.2]",143,4,URI_80,Tuesday,11.0,540.0,9.0,Fulltext
18950,3065,9307,CATALOG,Info,4,Send catalog,7,In general,1000,"(343.2, 395.4]",1005,6,URI_111,Tuesday,11.0,660.0,7.0,
19175,3065,9394,CATALOG,Info,4,Send catalog,7,In general,1000,"(27.39, 82.2]",101,2,URI_9,Tuesday,13.0,120.0,4.0,Catalogue
19178,3065,9395,CATALOG,Info,4,Send catalog,7,In general,1000,"(27.39, 82.2]",62,3,URI_132,Tuesday,13.0,300.0,3.0,OwnWebs
19202,3065,9400,CATALOG,Info,4,Send catalog,7,In general,1000,"(27.39, 82.2]",101,11,URI_42,Tuesday,13.0,1200.0,19.0,Fulltext
19303,3065,9425,CATALOG,Info,4,Send catalog,7,In general,1000,"(27.39, 82.2]",101,2,URI_42,Tuesday,13.0,840.0,10.0,Fulltext
19332,4582,9434,APPLICATION,Application,5,Application,9,In general,1000,"(27.39, 82.2]",125,3,URI_80,Tuesday,14.0,360.0,5.0,Fulltext
19351,3065,9438,CATALOG,Info,4,Send catalog,7,In general,1000,"(27.39, 82.2]",125,3,URI_9,Tuesday,14.0,780.0,13.0,Catalogue
19535,3065,9506,CATALOG,Info,4,Send catalog,7,In general,1000,"(27.39, 82.2]",71,4,URI_111,Tuesday,15.0,360.0,4.0,
19593,3065,9528,CATALOG,Info,4,Send catalog,7,In general,1000,"(27.39, 82.2]",143,4,URI_113,Tuesday,16.0,600.0,8.0,
19594,3065,9528,CATALOG,Info,4,Send catalog,7,In general,1000,"(27.39, 82.2]",83,6,URI_113,Tuesday,16.0,600.0,8.0,
19606,3065,9534,CATALOG,Info,4,Send catalog,7,In general,1000,"(82.2, 134.4]",353,7,URI_39,Tuesday,16.0,1440.0,7.0,Fulltext
19672,3065,9564,CATALOG,Info,4,Send catalog,7,In general,1000,"(134.4, 186.6]",554,8,URI_111,Tuesday,17.0,180.0,8.0,
19706,3065,9588,CATALOG,Info,4,Send catalog,7,In general,1000,"(27.39, 82.2]",62,3,URI_80,Tuesday,18.0,540.0,3.0,Fulltext
19945,3065,9708,CATALOG,Info,4,Send catalog,7,In general,1000,"(27.39, 82.2]",60,1,URI_103,Wednesday,2.0,60.0,2.0,Other
20065,3065,9763,CATALOG,Info,4,Send catalog,7,In general,1000,"(82.2, 134.4]",251,3,URI_41,Wednesday,9.0,360.0,3.0,Fulltext
20102,3065,9774,CATALOG,Info,4,Send catalog,7,In general,1000,"(27.39, 82.2]",176,7,URI_0,Wednesday,9.0,180.0,7.0,
20211,3065,9785,CATALOG,Info,4,Send catalog,7,In general,1000,"(82.2, 134.4]",313,5,URI_42,Wednesday,10.0,240.0,5.0,Fulltext
20252,3065,9796,CATALOG,Info,4,Send catalog,7,In general,1000,"(27.39, 82.2]",101,2,URI_42,Wednesday,10.0,180.0,4.0,Fulltext
20254,3065,9797,CATALOG,Info,4,Send catalog,7,In general,1000,"(27.39, 82.2]",101,2,URI_0,Wednesday,10.0,60.0,2.0,
20269,3065,9800,CATALOG,Info,4,Send catalog,7,In general,1000,"(27.39, 82.2]",167,6,URI_0,Wednesday,10.0,240.0,6.0,
20561,3065,9902,CATALOG,Info,4,Send catalog,7,In general,1000,"(82.2, 134.4]",313,5,URI_42,Wednesday,13.0,120.0,5.0,Fulltext
20629,4627,9936,APPLICATION,Application,5,Application,9,In general,1000,"(134.4, 186.6]",429,4,URI_9,Wednesday,14.0,780.0,6.0,Catalogue
20731,3065,9985,CATALOG,Info,4,Send catalog,7,In general,1000,"(27.39, 82.2]",50,2,URI_111,Wednesday,15.0,120.0,2.0,
20884,3065,10033,CATALOG,Info,4,Send catalog,7,In general,1000,"(82.2, 134.4]",452,16,URI_9,Wednesday,16.0,2400.0,24.0,Catalogue
20885,3065,10033,CATALOG,Info,4,Send catalog,7,In general,1000,"(27.39, 82.2]",121,21,URI_9,Wednesday,16.0,2400.0,24.0,Catalogue
20957,3065,10061,CATALOG,Info,4,Send catalog,7,In general,1000,"(82.2, 134.4]",251,3,URI_42,Wednesday,17.0,360.0,4.0,Fulltext
21008,3065,10082,CATALOG,Info,4,Send catalog,7,In general,1000,"(27.39, 82.2]",71,4,URI_39,Wednesday,18.0,300.0,7.0,Fulltext
21154,3065,10165,CATALOG,Info,4,Send catalog,7,In general,1000,"(82.2, 134.4]",203,2,URI_0,Wednesday,21.0,1680.0,10.0,
21244,3065,10209,CATALOG,Info,4,Send catalog,7,In general,1000,"(82.2, 134.4]",286,4,URI_42,Wednesday,23.0,360.0,5.0,Fulltext
21347,3065,10259,CATALOG,Info,4,Send catalog,7,In general,1000,"(82.2, 134.4]",251,3,URI_111,Thursday,8.0,660.0,8.0,
21398,3065,10276,CATALOG,Info,4,Send catalog,7,In general,1000,"(27.39, 82.2]",71,4,URI_0,Thursday,9.0,780.0,4.0,
21449,3065,10298,CATALOG,Info,4,Send catalog,7,In general,1000,"(27.39, 82.2]",62,3,URI_0,Thursday,10.0,900.0,3.0,
21520,3065,10324,CATALOG,Info,4,Send catalog,7,In general,1000,"(343.2, 395.4]",1060,7,URI_64,Thursday,11.0,1260.0,9.0,Partners
21697,3065,10383,CATALOG,Info,4,Send catalog,7,In general,1000,"(27.39, 82.2]",125,3,URI_68,Thursday,12.0,360.0,3.0,Partners
21995,3065,10496,CATALOG,Info,4,Send catalog,7,In general,1000,"(134.4, 186.6]",180,1,URI_111,Thursday,15.0,180.0,3.0,
22064,3065,10528,CATALOG,Info,4,Send catalog,7,In general,1000,"(82.2, 134.4]",203,2,URI_39,Thursday,17.0,60.0,2.0,Fulltext
22193,3065,10588,CATALOG,Info,4,Send catalog,7,In general,1000,"(238.8, 291.0]",503,3,URI_0,Thursday,20.0,360.0,4.0,
22265,3065,10622,CATALOG,Info,4,Send catalog,7,In general,1000,"(291.0, 343.2]",507,2,URI_0,Thursday,23.0,960.0,6.0,
22323,3065,10650,CATALOG,Info,4,Send catalog,7,In general,1000,"(134.4, 186.6]",641,13,URI_45,Friday,6.0,1080.0,14.0,Fulltext
22493,3065,10706,CATALOG,Info,4,Send catalog,7,In general,1000,"(134.4, 186.6]",304,2,URI_0,Friday,10.0,720.0,7.0,
22579,3065,10733,CATALOG,Info,4,Send catalog,7,In general,1000,"(27.39, 82.2]",143,4,URI_68,Friday,11.0,600.0,12.0,Partners
22829,4718,10842,APPLICATION,Application,5,Application,9,In general,1000,"(27.39, 82.2]",60,1,URI_111,Friday,18.0,360.0,5.0,
22835,3065,10846,CATALOG,Info,4,Send catalog,7,In general,1000,"(27.39, 82.2]",62,3,URI_111,Friday,18.0,180.0,3.0,
22868,3065,10864,CATALOG,Info,4,Send catalog,7,In general,1000,"(82.2, 134.4]",383,9,URI_39,Friday,20.0,600.0,15.0,Fulltext
22869,3065,10864,CATALOG,Info,4,Send catalog,7,In general,1000,"(27.39, 82.2]",101,11,URI_39,Friday,20.0,600.0,15.0,Fulltext
22902,3065,10872,CATALOG,Info,4,Send catalog,7,In general,1000,"(27.39, 82.2]",50,2,URI_80,Friday,21.0,180.0,2.0,Fulltext
22946,3065,10885,CATALOG,Info,4,Send catalog,7,In general,1000,"(27.39, 82.2]",78,5,URI_111,Saturday,1.0,240.0,5.0,
22963,3065,10891,CATALOG,Info,4,Send catalog,7,In general,1000,"(27.39, 82.2]",203,11,URI_0,Saturday,2.0,360.0,13.0,
23114,4728,10946,CATALOG,Info,4,Send catalog,7,In general,1000,"(27.39, 82.2]",62,3,URI_38,Saturday,13.0,60.0,3.0,Fulltext
23357,3065,11043,CATALOG,Info,4,Send catalog,7,In general,1000,"(395.4, 447.6]",711,2,URI_0,Saturday,17.0,720.0,3.0,
23379,3065,11051,CATALOG,Info,4,Send catalog,7,In general,1000,"(82.2, 134.4]",251,3,URI_45,Saturday,18.0,1320.0,5.0,Fulltext
23435,3065,11075,CATALOG,Info,4,Send catalog,7,In general,1000,"(82.2, 134.4]",286,4,URI_111,Saturday,18.0,240.0,4.0,
23548,3065,11119,CATALOG,Info,4,Send catalog,7,In general,1000,"(27.39, 82.2]",88,7,URI_111,Saturday,20.0,2520.0,10.0,
23587,3065,11132,CATALOG,Info,4,Send catalog,7,In general,1000,"(82.2, 134.4]",510,26,URI_0,Saturday,21.0,2460.0,26.0,
23620,4757,11143,APPLICATION,Application,5,Application,9,In general,1000,"(27.39, 82.2]",60,1,URI_80,Saturday,21.0,60.0,3.0,Fulltext
23646,3065,11151,CATALOG,Info,4,Send catalog,7,In general,1000,"(27.39, 82.2]",101,2,URI_131,Saturday,22.0,420.0,5.0,Partners
23739,3065,11184,CATALOG,Info,4,Send catalog,7,In general,1000,"(27.39, 82.2]",101,2,URI_0,Sunday,1.0,300.0,8.0,
23790,3065,11208,CATALOG,Info,4,Send catalog,7,In general,1000,"(134.4, 186.6]",502,6,URI_132,Sunday,10.0,2400.0,15.0,OwnWebs
23791,3065,11208,CATALOG,Info,4,Send catalog,7,In general,1000,"(27.39, 82.2]",104,12,URI_132,Sunday,10.0,2400.0,15.0,OwnWebs
23851,3065,11227,CATALOG,Info,4,Send catalog,7,In general,1000,"(395.4, 447.6]",1237,7,URI_101,Sunday,11.0,420.0,7.0,OwnWebs
23879,3065,11240,CATALOG,Info,4,Send catalog,7,In general,1000,"(27.39, 82.2]",30,1,URI_0,Sunday,11.0,360.0,6.0,
23999,3065,11287,CATALOG,Info,4,Send catalog,7,In general,1000,"(27.39, 82.2]",176,7,URI_111,Sunday,14.0,1020.0,13.0,
24044,3065,11306,CATALOG,Info,4,Send catalog,7,In general,1000,"(82.2, 134.4]",203,2,URI_9,Sunday,14.0,120.0,3.0,Catalogue
24152,3065,11363,CATALOG,Info,4,Send catalog,7,In general,1000,"(82.2, 134.4]",203,2,URI_111,Sunday,16.0,240.0,3.0,
24197,3065,11385,CATALOG,Info,4,Send catalog,7,In general,1000,"(291.0, 343.2]",300,1,URI_111,Sunday,16.0,300.0,2.0,
24247,3065,11401,CATALOG,Info,4,Send catalog,7,In general,1000,"(27.39, 82.2]",62,3,URI_111,Sunday,17.0,780.0,3.0,
24251,3065,11402,CATALOG,Info,4,Send catalog,7,In general,1000,"(82.2, 134.4]",251,3,URI_39,Sunday,17.0,120.0,4.0,Fulltext
24309,3065,11435,CATALOG,Info,4,Send catalog,7,In general,1000,"(27.39, 82.2]",101,2,URI_5,Sunday,17.0,60.0,2.0,Catalogue
24419,4794,11480,APPLICATION,Application,5,Application,9,In general,1000,"(134.4, 186.6]",180,1,URI_45,Sunday,19.0,180.0,2.0,Fulltext
24569,3065,11555,CATALOG,Info,4,Send catalog,7,In general,1000,"(82.2, 134.4]",120,1,URI_111,Sunday,22.0,420.0,4.0,
24580,3065,11557,CATALOG,Info,4,Send catalog,7,In general,1000,"(82.2, 134.4]",369,8,URI_0,Sunday,23.0,2520.0,10.0,
24664,3065,11599,CATALOG,Info,4,Send catalog,7,In general,1000,"(27.39, 82.2]",101,2,URI_93,Monday,1.0,60.0,2.0,Partners
24679,3065,11609,CATALOG,Info,4,Send catalog,7,In general,1000,"(27.39, 82.2]",101,2,URI_0,Monday,6.0,60.0,2.0,
24699,3065,11611,CATALOG,Info,4,Send catalog,7,In general,1000,"(27.39, 82.2]",114,17,URI_0,Monday,7.0,1140.0,17.0,
24755,3065,11644,CATALOG,Info,4,Send catalog,7,In general,1000,"(27.39, 82.2]",50,2,URI_9,Monday,8.0,60.0,2.0,Catalogue
24820,3065,11681,CATALOG,Info,4,Send catalog,7,In general,1000,"(82.2, 134.4]",203,2,URI_130,Monday,9.0,60.0,2.0,Partners
24834,3065,11689,CATALOG,Info,4,Send catalog,7,In general,1000,"(238.8, 291.0]",572,4,URI_111,Monday,10.0,420.0,5.0,
24864,3065,11696,CATALOG,Info,4,Send catalog,7,In general,1000,"(27.39, 82.2]",198,10,URI_99,Monday,10.0,1500.0,11.0,OwnWebs
24949,3065,11723,CATALOG,Info,4,Send catalog,7,In general,1000,"(27.39, 82.2]",101,2,URI_0,Monday,10.0,120.0,4.0,
25042,3065,11756,CATALOG,Info,4,Send catalog,7,In general,1000,"(27.39, 82.2]",143,4,URI_80,Monday,11.0,300.0,4.0,Fulltext
25180,3065,11806,CATALOG,Info,4,Send catalog,7,In general,1000,"(27.39, 82.2]",50,2,URI_9,Monday,12.0,240.0,2.0,Catalogue
25186,3065,11808,CATALOG,Info,4,Send catalog,7,In general,1000,"(27.39, 82.2]",62,3,URI_80,Monday,12.0,480.0,3.0,Fulltext
25326,3065,11875,CATALOG,Info,4,Send catalog,7,In general,1000,"(27.39, 82.2]",62,3,URI_42,Monday,13.0,240.0,3.0,Fulltext
25439,3065,11903,CATALOG,Info,4,Send catalog,7,In general,1000,"(82.2, 134.4]",203,2,URI_42,Monday,13.0,600.0,3.0,Fulltext
25446,3065,11907,CATALOG,Info,4,Send catalog,7,In general,1000,"(27.39, 82.2]",101,2,URI_9,Monday,13.0,60.0,2.0,Catalogue
25496,3065,11935,CATALOG,Info,4,Send catalog,7,In general,1000,"(27.39, 82.2]",50,2,URI_0,Monday,14.0,300.0,2.0,
25677,3065,12013,CATALOG,Info,4,Send catalog,7,In general,1000,"(27.39, 82.2]",176,7,URI_0,Monday,15.0,240.0,7.0,
25692,3065,12017,CATALOG,Info,4,Send catalog,7,In general,1000,"(27.39, 82.2]",78,5,URI_111,Monday,15.0,420.0,6.0,
25733,3065,12031,CATALOG,Info,4,Send catalog,7,In general,1000,"(134.4, 186.6]",304,2,URI_0,Monday,15.0,360.0,4.0,
25827,3065,12067,CATALOG,Info,4,Send catalog,7,In general,1000,"(27.39, 82.2]",113,16,URI_0,Monday,16.0,960.0,16.0,
25865,3065,12084,CATALOG,Info,4,Send catalog,7,In general,1000,"(27.39, 82.2]",50,2,URI_42,Monday,16.0,60.0,2.0,Fulltext
25951,3065,12113,CATALOG,Info,4,Send catalog,7,In general,1000,"(82.2, 134.4]",313,5,URI_0,Monday,17.0,1380.0,9.0,
25952,3065,12113,CATALOG,Info,4,Send catalog,7,In general,1000,"(27.39, 82.2]",184,8,URI_0,Monday,17.0,1380.0,9.0,
26111,3065,12180,CATALOG,Info,4,Send catalog,7,In general,1000,"(27.39, 82.2]",101,2,URI_111,Monday,18.0,60.0,2.0,
26208,3065,12218,CATALOG,Info,4,Send catalog,7,In general,1000,"(27.39, 82.2]",125,3,URI_0,Monday,19.0,120.0,3.0,
26229,3065,12230,CATALOG,Info,4,Send catalog,7,In general,1000,"(27.39, 82.2]",125,3,URI_42,Monday,19.0,60.0,3.0,Fulltext
26270,3065,12244,CATALOG,Info,4,Send catalog,7,In general,1000,"(82.2, 134.4]",203,2,URI_0,Monday,20.0,240.0,5.0,
26303,3065,12258,CATALOG,Info,4,Send catalog,7,In general,1000,"(27.39, 82.2]",83,6,URI_0,Monday,21.0,1080.0,6.0,
26678,3065,12419,CATALOG,Info,4,Send catalog,7,In general,1000,"(82.2, 134.4]",203,2,URI_64,Tuesday,8.0,120.0,3.0,Partners
26748,3065,12445,CATALOG,Info,4,Send catalog,7,In general,1000,"(27.39, 82.2]",176,7,URI_9,Tuesday,9.0,1860.0,7.0,Catalogue
26827,3065,12470,CATALOG,Info,4,Send catalog,7,In general,1000,"(27.39, 82.2]",60,1,URI_111,Tuesday,9.0,60.0,3.0,
26842,3065,12475,CATALOG,Info,4,Send catalog,7,In general,1000,"(27.39, 82.2]",50,2,URI_45,Tuesday,9.0,180.0,8.0,Fulltext
26857,3065,12480,CATALOG,Info,4,Send catalog,7,In general,1000,"(27.39, 82.2]",143,4,URI_101,Tuesday,9.0,300.0,4.0,OwnWebs
26949,3065,12517,CATALOG,Info,4,Send catalog,7,In general,1000,"(27.39, 82.2]",167,6,URI_0,Tuesday,10.0,900.0,6.0,
26952,3065,12518,CATALOG,Info,4,Send catalog,7,In general,1000,"(27.39, 82.2]",50,2,URI_0,Tuesday,10.0,60.0,4.0,
26953,3065,12518,CATALOG,Info,4,Send catalog,7,In general,1000,"(27.39, 82.2]",71,4,URI_0,Tuesday,10.0,60.0,4.0,
27021,3065,12547,CATALOG,Info,4,Send catalog,7,In general,1000,"(27.39, 82.2]",50,2,URI_0,Tuesday,11.0,60.0,2.0,
27132,3065,12581,CATALOG,Info,4,Send catalog,7,In general,1000,"(134.4, 186.6]",304,2,URI_38,Tuesday,11.0,240.0,3.0,Fulltext
27191,3065,12604,CATALOG,Info,4,Send catalog,7,In general,1000,"(82.2, 134.4]",251,3,URI_111,Tuesday,11.0,60.0,3.0,
27202,3065,12611,CATALOG,Info,4,Send catalog,7,In general,1000,"(82.2, 134.4]",286,4,URI_4,Tuesday,12.0,240.0,4.0,Other
27354,3065,12671,CATALOG,Info,4,Send catalog,7,In general,1000,"(27.39, 82.2]",62,3,URI_0,Tuesday,12.0,240.0,3.0,
27549,3065,12747,CATALOG,Info,4,Send catalog,7,In general,1000,"(343.2, 395.4]",609,2,URI_42,Tuesday,13.0,360.0,3.0,Fulltext
27594,3065,12768,CATALOG,Info,4,Send catalog,7,In general,1000,"(82.2, 134.4]",251,3,URI_44,Tuesday,14.0,60.0,3.0,Fulltext
27728,3065,12832,CATALOG,Info,4,Send catalog,7,In general,1000,"(291.0, 343.2]",629,3,URI_111,Tuesday,15.0,960.0,4.0,
28023,3065,12955,CATALOG,Info,4,Send catalog,7,In general,1000,"(27.39, 82.2]",101,2,URI_0,Tuesday,17.0,300.0,4.0,
28024,3065,12955,CATALOG,Info,4,Send catalog,7,In general,1000,"(27.39, 82.2]",71,4,URI_0,Tuesday,17.0,300.0,4.0,
28064,3065,12975,CATALOG,Info,4,Send catalog,7,In general,1000,"(82.2, 134.4]",251,3,URI_111,Tuesday,17.0,120.0,3.0,
28080,3065,12980,CATALOG,Info,4,Send catalog,7,In general,1000,"(27.39, 82.2]",95,9,URI_136,Tuesday,18.0,1380.0,9.0,Partners
28158,3065,13010,CATALOG,Info,4,Send catalog,7,In general,1000,"(27.39, 82.2]",101,2,URI_39,Tuesday,18.0,60.0,2.0,Fulltext
28322,3065,13068,CATALOG,Info,4,Send catalog,7,In general,1000,"(27.39, 82.2]",50,2,URI_111,Tuesday,20.0,180.0,4.0,
28570,3065,13147,CATALOG,Info,4,Send catalog,7,In general,1000,"(27.39, 82.2]",198,10,URI_111,Tuesday,22.0,1200.0,10.0,
28624,4920,13157,APPLICATION,Application,5,Application,9,In general,1000,"(27.39, 82.2]",30,1,URI_0,Tuesday,22.0,180.0,6.0,
28761,3065,13200,CATALOG,Info,4,Send catalog,7,In general,1000,"(27.39, 82.2]",88,7,URI_131,Wednesday,7.0,1440.0,7.0,Partners
28786,3065,13212,CATALOG,Info,4,Send catalog,7,In general,1000,"(27.39, 82.2]",83,6,URI_9,Wednesday,7.0,300.0,6.0,Catalogue
28849,3065,13233,CATALOG,Info,4,Send catalog,7,In general,1000,"(82.2, 134.4]",335,6,URI_39,Wednesday,8.0,420.0,6.0,Fulltext
28917,3065,13256,CATALOG,Info,4,Send catalog,7,In general,1000,"(27.39, 82.2]",60,1,URI_111,Wednesday,8.0,60.0,2.0,
28937,3065,13258,CATALOG,Info,4,Send catalog,7,In general,1000,"(27.39, 82.2]",222,15,URI_0,Wednesday,8.0,600.0,19.0,
28938,3065,13258,CATALOG,Info,4,Send catalog,7,In general,1000,"(27.39, 82.2]",116,18,URI_0,Wednesday,8.0,600.0,19.0,
29031,3065,13290,CATALOG,Info,4,Send catalog,7,In general,1000,"(27.39, 82.2]",184,8,URI_111,Wednesday,9.0,180.0,8.0,
29067,3065,13302,CATALOG,Info,4,Send catalog,7,In general,1000,"(27.39, 82.2]",143,4,URI_111,Wednesday,10.0,1260.0,10.0,
29083,3065,13309,CATALOG,Info,4,Send catalog,7,In general,1000,"(27.39, 82.2]",60,1,URI_111,Wednesday,10.0,600.0,4.0,
29084,3065,13309,CATALOG,Info,4,Send catalog,7,In general,1000,"(499.8, 552.0]",1133,3,URI_111,Wednesday,10.0,600.0,4.0,
29528,3065,13486,CATALOG,Info,4,Send catalog,7,In general,1000,"(27.39, 82.2]",101,2,URI_0,Wednesday,13.0,180.0,5.0,
29531,3065,13487,CATALOG,Info,4,Send catalog,7,In general,1000,"(82.2, 134.4]",203,2,URI_0,Wednesday,13.0,120.0,3.0,
29555,4950,13497,CATALOG,Info,4,Send catalog,7,In general,1000,"(27.39, 82.2]",60,1,URI_42,Wednesday,13.0,120.0,3.0,Fulltext
29556,3065,13497,CATALOG,Info,4,Send catalog,7,In general,1000,"(27.39, 82.2]",125,3,URI_42,Wednesday,13.0,120.0,3.0,Fulltext
29623,3065,13524,CATALOG,Info,4,Send catalog,7,In general,1000,"(82.2, 134.4]",203,2,URI_0,Wednesday,14.0,420.0,2.0,
29755,3065,13575,CATALOG,Info,4,Send catalog,7,In general,1000,"(82.2, 134.4]",120,1,URI_111,Wednesday,15.0,2460.0,29.0,
29756,3065,13575,CATALOG,Info,4,Send catalog,7,In general,1000,"(27.39, 82.2]",92,8,URI_111,Wednesday,15.0,2460.0,29.0,
30005,3065,13705,CATALOG,Info,4,Send catalog,7,In general,1000,"(82.2, 134.4]",203,2,URI_39,Wednesday,17.0,180.0,3.0,Fulltext
30128,3065,13767,CATALOG,Info,4,Send catalog,7,In general,1000,"(238.8, 291.0]",503,3,URI_23,Wednesday,18.0,360.0,4.0,Other
30340,3065,13864,CATALOG,Info,4,Send catalog,7,In general,1000,"(27.39, 82.2]",176,7,URI_45,Wednesday,22.0,900.0,8.0,Fulltext
30404,3065,13884,CATALOG,Info,4,Send catalog,7,In general,1000,"(27.39, 82.2]",101,11,URI_42,Wednesday,22.0,1440.0,11.0,Fulltext
30484,3065,13920,CATALOG,Info,4,Send catalog,7,In general,1000,"(82.2, 134.4]",203,2,URI_9,Thursday,3.0,120.0,3.0,Catalogue
30537,3065,13937,CATALOG,Info,4,Send catalog,7,In general,1000,"(134.4, 186.6]",304,2,URI_42,Thursday,7.0,180.0,3.0,Fulltext
30565,3065,13945,CATALOG,Info,4,Send catalog,7,In general,1000,"(27.39, 82.2]",83,6,URI_9,Thursday,7.0,120.0,6.0,Catalogue
30579,3065,13954,CATALOG,Info,4,Send catalog,7,In general,1000,"(27.39, 82.2]",143,4,URI_5,Thursday,8.0,120.0,4.0,Catalogue
30799,3065,14041,CATALOG,Info,4,Send catalog,7,In general,1000,"(27.39, 82.2]",71,4,URI_0,Thursday,10.0,240.0,4.0,
30837,3065,14054,CATALOG,Info,4,Send catalog,7,In general,1000,"(27.39, 82.2]",71,4,URI_42,Thursday,10.0,300.0,4.0,Fulltext
30844,3065,14057,CATALOG,Info,4,Send catalog,7,In general,1000,"(82.2, 134.4]",203,2,URI_0,Thursday,10.0,660.0,5.0,
30944,3065,14101,CATALOG,Info,4,Send catalog,7,In general,1000,"(27.39, 82.2]",71,4,URI_42,Thursday,11.0,960.0,16.0,Fulltext
30945,3065,14101,CATALOG,Info,4,Send catalog,7,In general,1000,"(27.39, 82.2]",109,14,URI_42,Thursday,11.0,960.0,16.0,Fulltext
31059,3065,14144,CATALOG,Info,4,Send catalog,7,In general,1000,"(27.39, 82.2]",62,3,URI_38,Thursday,12.0,300.0,3.0,Fulltext
31209,3065,14212,CATALOG,Info,4,Send catalog,7,In general,1000,"(134.4, 186.6]",594,10,URI_0,Thursday,13.0,1020.0,10.0,
31223,3065,14215,CATALOG,Info,4,Send catalog,7,In general,1000,"(27.39, 82.2]",101,2,URI_93,Thursday,13.0,780.0,12.0,Partners
31281,5016,14229,APPLICATION,Application,5,Application,9,In general,1000,"(343.2, 395.4]",360,1,URI_45,Thursday,13.0,600.0,5.0,Fulltext
31295,3065,14232,CATALOG,Info,4,Send catalog,7,In general,1000,"(760.8, 813.0]",2576,10,URI_70,Thursday,14.0,1740.0,11.0,Other
31399,3065,14284,CATALOG,Info,4,Send catalog,7,In general,1000,"(27.39, 82.2]",50,2,URI_45,Thursday,14.0,240.0,2.0,Fulltext
31410,3065,14288,CATALOG,Info,4,Send catalog,7,In general,1000,"(27.39, 82.2]",125,3,URI_80,Thursday,14.0,420.0,3.0,Fulltext
31873,3065,14472,CATALOG,Info,4,Send catalog,7,In general,1000,"(82.2, 134.4]",203,2,URI_9,Thursday,19.0,120.0,2.0,Catalogue
31917,3065,14496,CATALOG,Info,4,Send catalog,7,In general,1000,"(27.39, 82.2]",71,4,URI_80,Thursday,19.0,240.0,4.0,Fulltext
32006,3065,14537,CATALOG,Info,4,Send catalog,7,In general,1000,"(27.39, 82.2]",71,4,URI_0,Thursday,21.0,480.0,4.0,
32026,3065,14547,CATALOG,Info,4,Send catalog,7,In general,1000,"(27.39, 82.2]",50,2,URI_42,Thursday,22.0,120.0,3.0,Fulltext
32057,3065,14558,CATALOG,Info,4,Send catalog,7,In general,1000,"(395.4, 447.6]",881,3,URI_93,Thursday,22.0,240.0,3.0,Partners
32150,3065,14598,CATALOG,Info,4,Send catalog,7,In general,1000,"(134.4, 186.6]",304,2,URI_16,Friday,6.0,300.0,5.0,Fulltext
32190,3065,14617,CATALOG,Info,4,Send catalog,7,In general,1000,"(27.39, 82.2]",101,2,URI_0,Friday,7.0,60.0,2.0,
32193,3065,14619,CATALOG,Info,4,Send catalog,7,In general,1000,"(27.39, 82.2]",50,2,URI_39,Friday,7.0,60.0,2.0,Fulltext
32265,3065,14652,CATALOG,Info,4,Send catalog,7,In general,1000,"(27.39, 82.2]",71,4,URI_0,Friday,8.0,540.0,4.0,
32476,3065,14751,CATALOG,Info,4,Send catalog,7,In general,1000,"(82.2, 134.4]",203,2,URI_42,Friday,11.0,660.0,11.0,Fulltext
32502,3065,14760,CATALOG,Info,4,Send catalog,7,In general,1000,"(82.2, 134.4]",353,7,URI_9,Friday,11.0,780.0,10.0,Catalogue
32510,3065,14764,CATALOG,Info,4,Send catalog,7,In general,1000,"(27.39, 82.2]",78,5,URI_131,Friday,11.0,780.0,5.0,Partners
32534,3065,14774,CATALOG,Info,4,Send catalog,7,In general,1000,"(27.39, 82.2]",167,6,URI_0,Friday,11.0,240.0,6.0,
32540,3065,14777,CATALOG,Info,4,Send catalog,7,In general,1000,"(27.39, 82.2]",71,4,URI_0,Friday,11.0,840.0,4.0,
32632,3065,14812,CATALOG,Info,4,Send catalog,7,In general,1000,"(82.2, 134.4]",203,2,URI_39,Friday,12.0,60.0,2.0,Fulltext
32747,3065,14862,CATALOG,Info,4,Send catalog,7,In general,1000,"(27.39, 82.2]",50,2,URI_111,Friday,13.0,240.0,2.0,
32749,3065,14863,CATALOG,Info,4,Send catalog,7,In general,1000,"(27.39, 82.2]",50,2,URI_80,Friday,13.0,180.0,2.0,Fulltext
32800,3065,14893,CATALOG,Info,4,Send catalog,7,In general,1000,"(134.4, 186.6]",304,2,URI_0,Friday,14.0,60.0,2.0,
32866,3065,14918,CATALOG,Info,4,Send catalog,7,In general,1000,"(27.39, 82.2]",95,9,URI_0,Friday,14.0,1080.0,9.0,
33009,3065,14975,CATALOG,Info,4,Send catalog,7,In general,1000,"(82.2, 134.4]",203,2,URI_45,Friday,16.0,420.0,7.0,Fulltext
33010,3065,14975,CATALOG,Info,4,Send catalog,7,In general,1000,"(27.39, 82.2]",83,6,URI_45,Friday,16.0,420.0,7.0,Fulltext
33020,3065,14980,CATALOG,Info,4,Send catalog,7,In general,1000,"(82.2, 134.4]",286,4,URI_111,Friday,16.0,1080.0,5.0,
33031,3065,14984,CATALOG,Info,4,Send catalog,7,In general,1000,"(82.2, 134.4]",251,3,URI_0,Friday,16.0,120.0,3.0,
33040,3065,14992,CATALOG,Info,4,Send catalog,7,In general,1000,"(27.39, 82.2]",101,2,URI_5,Friday,16.0,60.0,2.0,Catalogue
33117,3065,15024,CATALOG,Info,4,Send catalog,7,In general,1000,"(27.39, 82.2]",101,2,URI_0,Friday,18.0,120.0,3.0,
33121,3065,15025,CATALOG,Info,4,Send catalog,7,In general,1000,"(134.4, 186.6]",377,3,URI_0,Friday,18.0,300.0,4.0,
33144,3065,15034,CATALOG,Info,4,Send catalog,7,In general,1000,"(82.2, 134.4]",203,2,URI_39,Friday,18.0,180.0,3.0,Fulltext
33288,3065,15107,CATALOG,Info,4,Send catalog,7,In general,1000,"(82.2, 134.4]",286,4,URI_9,Friday,21.0,180.0,4.0,Catalogue
33390,3065,15157,CATALOG,Info,4,Send catalog,7,In general,1000,"(27.39, 82.2]",50,2,URI_132,Friday,23.0,660.0,7.0,OwnWebs
33394,3065,15158,CATALOG,Info,4,Send catalog,7,In general,1000,"(27.39, 82.2]",60,1,URI_111,Friday,23.0,180.0,4.0,
33455,3065,15172,CATALOG,Info,4,Send catalog,7,In general,1000,"(134.4, 186.6]",304,2,URI_0,Saturday,0.0,360.0,2.0,
33477,3065,15181,CATALOG,Info,4,Send catalog,7,In general,1000,"(27.39, 82.2]",50,2,URI_111,Saturday,0.0,60.0,2.0,
33516,3065,15201,CATALOG,Info,4,Send catalog,7,In general,1000,"(27.39, 82.2]",101,2,URI_90,Saturday,7.0,180.0,5.0,Other
33521,3065,15205,CATALOG,Info,4,Send catalog,7,In general,1000,"(27.39, 82.2]",125,3,URI_111,Saturday,8.0,60.0,3.0,
33655,3065,15261,CATALOG,Info,4,Send catalog,7,In general,1000,"(82.2, 134.4]",203,2,URI_0,Saturday,12.0,600.0,7.0,
33742,3065,15289,CATALOG,Info,4,Send catalog,7,In general,1000,"(27.39, 82.2]",78,5,URI_0,Saturday,14.0,300.0,5.0,
33776,3065,15291,CATALOG,Info,4,Send catalog,7,In general,1000,"(27.39, 82.2]",128,27,URI_0,Saturday,14.0,1080.0,28.0,
33863,3065,15326,CATALOG,Info,4,Send catalog,7,In general,1000,"(27.39, 82.2]",125,3,URI_0,Saturday,16.0,60.0,3.0,
33899,3065,15344,CATALOG,Info,4,Send catalog,7,In general,1000,"(238.8, 291.0]",572,4,URI_110,Saturday,16.0,600.0,6.0,
33921,3065,15353,CATALOG,Info,4,Send catalog,7,In general,1000,"(27.39, 82.2]",30,1,URI_111,Saturday,16.0,180.0,6.0,
34040,3065,15410,CATALOG,Info,4,Send catalog,7,In general,1000,"(134.4, 186.6]",304,2,URI_80,Saturday,19.0,1560.0,11.0,Fulltext
34045,3065,15414,CATALOG,Info,4,Send catalog,7,In general,1000,"(82.2, 134.4]",203,2,URI_0,Saturday,19.0,180.0,2.0,
34131,3065,15443,CATALOG,Info,4,Send catalog,7,In general,1000,"(27.39, 82.2]",50,2,URI_0,Saturday,19.0,180.0,6.0,
34132,3065,15443,CATALOG,Info,4,Send catalog,7,In general,1000,"(82.2, 134.4]",286,4,URI_0,Saturday,19.0,180.0,6.0,
34366,3065,15559,CATALOG,Info,4,Send catalog,7,In general,1000,"(27.39, 82.2]",101,2,URI_39,Sunday,9.0,60.0,2.0,Fulltext
34393,3065,15566,CATALOG,Info,4,Send catalog,7,In general,1000,"(82.2, 134.4]",286,4,URI_0,Sunday,9.0,180.0,4.0,
34399,3065,15569,CATALOG,Info,4,Send catalog,7,In general,1000,"(27.39, 82.2]",60,1,URI_111,Sunday,9.0,60.0,2.0,
34416,3065,15574,CATALOG,Info,4,Send catalog,7,In general,1000,"(82.2, 134.4]",203,2,URI_138,Sunday,10.0,60.0,2.0,Fulltext
34528,3065,15615,CATALOG,Info,4,Send catalog,7,In general,1000,"(27.39, 82.2]",101,2,URI_0,Sunday,11.0,60.0,2.0,
34573,3065,15637,CATALOG,Info,4,Send catalog,7,In general,1000,"(27.39, 82.2]",143,4,URI_111,Sunday,12.0,240.0,4.0,
34718,3065,15705,CATALOG,Info,4,Send catalog,7,In general,1000,"(134.4, 186.6]",304,2,URI_0,Sunday,15.0,540.0,6.0,
34931,3065,15807,CATALOG,Info,4,Send catalog,7,In general,1000,"(27.39, 82.2]",50,2,URI_0,Sunday,17.0,180.0,2.0,
35020,3065,15847,CATALOG,Info,4,Send catalog,7,In general,1000,"(82.2, 134.4]",120,1,URI_111,Sunday,18.0,840.0,4.0,
35049,3065,15856,CATALOG,Info,4,Send catalog,7,In general,1000,"(27.39, 82.2]",101,2,URI_0,Sunday,18.0,60.0,3.0,
35073,5152,15869,APPLICATION,Application,5,Application,9,In general,1000,"(27.39, 82.2]",62,3,URI_80,Sunday,19.0,300.0,3.0,Fulltext
35081,3065,15871,CATALOG,Info,4,Send catalog,7,In general,1000,"(27.39, 82.2]",101,2,URI_9,Sunday,19.0,480.0,6.0,Catalogue
35134,3065,15886,CATALOG,Info,4,Send catalog,7,In general,1000,"(27.39, 82.2]",167,6,URI_101,Sunday,19.0,360.0,6.0,OwnWebs
35136,3065,15887,CATALOG,Info,4,Send catalog,7,In general,1000,"(134.4, 186.6]",304,2,URI_9,Sunday,19.0,60.0,2.0,Catalogue
35165,3065,15896,CATALOG,Info,4,Send catalog,7,In general,1000,"(27.39, 82.2]",50,2,URI_93,Sunday,20.0,120.0,3.0,Partners
35438,3065,15989,CATALOG,Info,4,Send catalog,7,In general,1000,"(27.39, 82.2]",101,2,URI_74,Sunday,23.0,240.0,3.0,Other
35478,3065,16013,CATALOG,Info,4,Send catalog,7,In general,1000,"(238.8, 291.0]",406,2,URI_0,Monday,3.0,480.0,7.0,
35494,3065,16020,CATALOG,Info,4,Send catalog,7,In general,1000,"(343.2, 395.4]",609,2,URI_39,Monday,6.0,360.0,3.0,Fulltext
35514,3065,16027,CATALOG,Info,4,Send catalog,7,In general,1000,"(27.39, 82.2]",71,4,URI_39,Monday,7.0,1800.0,9.0,Fulltext
35537,3065,16035,CATALOG,Info,4,Send catalog,7,In general,1000,"(447.6, 499.8]",1252,5,URI_0,Monday,7.0,900.0,9.0,
35538,3065,16035,CATALOG,Info,4,Send catalog,7,In general,1000,"(27.39, 82.2]",88,7,URI_0,Monday,7.0,900.0,9.0,
35596,3065,16055,CATALOG,Info,4,Send catalog,7,In general,1000,"(27.39, 82.2]",176,7,URI_39,Monday,8.0,420.0,13.0,Fulltext
35712,3065,16100,CATALOG,Info,4,Send catalog,7,In general,1000,"(27.39, 82.2]",125,3,URI_0,Monday,9.0,180.0,4.0,
36072,5178,16225,APPLICATION,Application,5,Application,9,In general,1000,"(343.2, 395.4]",360,1,URI_0,Monday,11.0,420.0,4.0,
36169,3065,16261,CATALOG,Info,4,Send catalog,7,In general,1000,"(27.39, 82.2]",101,2,URI_42,Monday,11.0,60.0,2.0,Fulltext
36234,3065,16287,CATALOG,Info,4,Send catalog,7,In general,1000,"(134.4, 186.6]",304,2,URI_0,Monday,12.0,180.0,4.0,
36277,3065,16310,CATALOG,Info,4,Send catalog,7,In general,1000,"(27.39, 82.2]",50,2,URI_0,Monday,12.0,60.0,4.0,
36437,3065,16384,CATALOG,Info,4,Send catalog,7,In general,1000,"(82.2, 134.4]",286,4,URI_42,Monday,13.0,180.0,4.0,Fulltext
36546,3065,16426,CATALOG,Info,4,Send catalog,7,In general,1000,"(27.39, 82.2]",156,5,URI_111,Monday,14.0,1080.0,9.0,
36547,3065,16426,CATALOG,Info,4,Send catalog,7,In general,1000,"(27.39, 82.2]",88,7,URI_111,Monday,14.0,1080.0,9.0,
36666,3065,16473,CATALOG,Info,4,Send catalog,7,In general,1000,"(27.39, 82.2]",30,1,URI_111,Monday,14.0,120.0,3.0,
36691,5200,16484,APPLICATION,Application,5,Application,9,In general,1000,"(27.39, 82.2]",50,2,URI_78,Monday,14.0,780.0,9.0,Partners
36692,5200,16484,APPLICATION,Application,5,Application,9,In general,1000,"(238.8, 291.0]",739,8,URI_78,Monday,14.0,780.0,9.0,Partners
36730,3065,16504,CATALOG,Info,4,Send catalog,7,In general,1000,"(82.2, 134.4]",203,2,URI_131,Monday,14.0,180.0,4.0,Partners
36752,3065,16515,CATALOG,Info,4,Send catalog,7,In general,1000,"(27.39, 82.2]",78,5,URI_45,Monday,15.0,240.0,5.0,Fulltext
36853,3065,16545,CATALOG,Info,4,Send catalog,7,In general,1000,"(27.39, 82.2]",101,2,URI_34,Monday,15.0,1140.0,4.0,
36901,3065,16569,CATALOG,Info,4,Send catalog,7,In general,1000,"(82.2, 134.4]",203,2,URI_0,Monday,16.0,300.0,4.0,
37033,3065,16622,CATALOG,Info,4,Send catalog,7,In general,1000,"(27.39, 82.2]",30,1,URI_111,Monday,17.0,60.0,3.0,
37106,3065,16670,CATALOG,Info,4,Send catalog,7,In general,1000,"(134.4, 186.6]",180,1,URI_111,Monday,18.0,240.0,3.0,
37160,3065,16699,CATALOG,Info,4,Send catalog,7,In general,1000,"(552.0, 604.2]",1431,4,URI_42,Monday,19.0,420.0,4.0,Fulltext
37172,3065,16703,CATALOG,Info,4,Send catalog,7,In general,1000,"(27.39, 82.2]",125,3,URI_41,Monday,19.0,120.0,3.0,Fulltext
37345,3065,16793,CATALOG,Info,4,Send catalog,7,In general,1000,"(27.39, 82.2]",78,5,URI_42,Monday,22.0,540.0,8.0,Fulltext
37421,3065,16829,CATALOG,Info,4,Send catalog,7,In general,1000,"(27.39, 82.2]",50,2,URI_0,Monday,23.0,60.0,2.0,
37495,3065,16864,CATALOG,Info,4,Send catalog,7,In general,1000,"(343.2, 395.4]",360,1,URI_110,Tuesday,5.0,1140.0,13.0,
37520,3065,16872,CATALOG,Info,4,Send catalog,7,In general,1000,"(82.2, 134.4]",396,10,URI_111,Tuesday,7.0,1860.0,11.0,
37527,3065,16875,CATALOG,Info,4,Send catalog,7,In general,1000,"(82.2, 134.4]",251,3,URI_9,Tuesday,7.0,480.0,3.0,Catalogue
37534,3065,16880,CATALOG,Info,4,Send catalog,7,In general,1000,"(27.39, 82.2]",101,2,URI_0,Tuesday,7.0,120.0,3.0,
37551,3065,16884,CATALOG,Info,4,Send catalog,7,In general,1000,"(27.39, 82.2]",62,3,URI_45,Tuesday,8.0,2640.0,3.0,Fulltext
37611,3065,16910,CATALOG,Info,4,Send catalog,7,In general,1000,"(27.39, 82.2]",156,5,URI_9,Tuesday,8.0,180.0,6.0,Catalogue
37654,3065,16929,CATALOG,Info,4,Send catalog,7,In general,1000,"(27.39, 82.2]",71,4,URI_42,Tuesday,8.0,240.0,4.0,Fulltext
37737,3065,16967,CATALOG,Info,4,Send catalog,7,In general,1000,"(27.39, 82.2]",167,6,URI_93,Tuesday,9.0,240.0,6.0,Partners
37744,3065,16971,CATALOG,Info,4,Send catalog,7,In general,1000,"(27.39, 82.2]",62,3,URI_111,Tuesday,9.0,720.0,3.0,
37872,3065,17023,CATALOG,Info,4,Send catalog,7,In general,1000,"(82.2, 134.4]",286,4,URI_0,Tuesday,10.0,1080.0,6.0,
38038,3065,17095,CATALOG,Info,4,Send catalog,7,In general,1000,"(82.2, 134.4]",251,3,URI_39,Tuesday,12.0,1860.0,7.0,Fulltext
38053,3065,17101,CATALOG,Info,4,Send catalog,7,In general,1000,"(27.39, 82.2]",50,2,URI_108,Tuesday,11.0,60.0,3.0,Partners
38090,3065,17113,CATALOG,Info,4,Send catalog,7,In general,1000,"(82.2, 134.4]",369,8,URI_93,Tuesday,12.0,1320.0,13.0,Partners
38100,3065,17116,CATALOG,Info,4,Send catalog,7,In general,1000,"(82.2, 134.4]",286,4,URI_80,Tuesday,12.0,480.0,9.0,Fulltext
38398,3065,17243,CATALOG,Info,4,Send catalog,7,In general,1000,"(27.39, 82.2]",143,4,URI_0,Tuesday,14.0,240.0,5.0,
